<?xml version="1.0" encoding="UTF-8"?>
<!DOCTYPE configuration PUBLIC "-//mybatis.org//DTD Config 3.0//EN" "http://mybatis.org/dtd/mybatis-3-config.dtd" >
<configuration>
	<settings>
		<setting name="mapUnderscoreToCamelCase" value="true"/>
		<setting name="jdbcTypeForNull" value="NULL"/>
	</settings>
	
	<!-- 별칭 설정 -->
	<typeAliases>
		<typeAlias type="com.project.aloneBab.member.model.vo.Member" alias="Member"/>
		<typeAlias type="com.project.aloneBab.board.model.vo.Board" alias="Board"/>
		<typeAlias type="com.project.aloneBab.board.model.vo.Recipe" alias="Recipe"/>
		<typeAlias type="com.project.aloneBab.board.model.vo.Image" alias="Image"/>
	</typeAliases>
	
	<mappers>
		<mapper resource="mappers/member-mapper.xml"/>
		<mapper resource="mappers/recipe-mapper.xml"/>
	</mappers>
</configuration>
